{"mean": 0.09934168308973312, "std": 0.9563900828361511}